{
  "Total" : {
    "transaction" : "Total",
    "sampleCount" : 1340,
    "errorCount" : 663,
    "errorPct" : 49.47761,
    "meanResTime" : 2662.579104477612,
    "medianResTime" : 1275.5,
    "minResTime" : 26.0,
    "maxResTime" : 21059.0,
    "pct1ResTime" : 7288.300000000003,
    "pct2ResTime" : 9669.050000000001,
    "pct3ResTime" : 16822.739999999994,
    "throughput" : 57.44170096021948,
    "receivedKBytesPerSec" : 1452.9494715979724,
    "sentKBytesPerSec" : 29.712232215577846
  },
  "Login-page" : {
    "transaction" : "Login-page",
    "sampleCount" : 500,
    "errorCount" : 255,
    "errorPct" : 51.0,
    "meanResTime" : 1839.6099999999997,
    "medianResTime" : 927.0,
    "minResTime" : 119.0,
    "maxResTime" : 17613.0,
    "pct1ResTime" : 4036.5,
    "pct2ResTime" : 4348.099999999999,
    "pct3ResTime" : 16854.870000000003,
    "throughput" : 24.39143372847456,
    "receivedKBytesPerSec" : 458.19918044782673,
    "sentKBytesPerSec" : 3.1442082540611738
  },
  "Home" : {
    "transaction" : "Home",
    "sampleCount" : 500,
    "errorCount" : 369,
    "errorPct" : 73.8,
    "meanResTime" : 2772.5399999999995,
    "medianResTime" : 86.0,
    "minResTime" : 26.0,
    "maxResTime" : 21059.0,
    "pct1ResTime" : 9455.9,
    "pct2ResTime" : 10097.55,
    "pct3ResTime" : 17116.960000000003,
    "throughput" : 22.74898767004868,
    "receivedKBytesPerSec" : 589.5835140219073,
    "sentKBytesPerSec" : 17.206498959233816
  },
  "Home-0" : {
    "transaction" : "Home-0",
    "sampleCount" : 170,
    "errorCount" : 0,
    "errorPct" : 0.0,
    "meanResTime" : 4423.641176470588,
    "medianResTime" : 3929.5,
    "minResTime" : 329.0,
    "maxResTime" : 16922.0,
    "pct1ResTime" : 6514.0,
    "pct2ResTime" : 13985.79999999999,
    "pct3ResTime" : 16885.79,
    "throughput" : 7.788875652891047,
    "receivedKBytesPerSec" : 11.00751397415926,
    "sentKBytesPerSec" : 6.409804390405938
  },
  "Home-1" : {
    "transaction" : "Home-1",
    "sampleCount" : 170,
    "errorCount" : 39,
    "errorPct" : 22.941177,
    "meanResTime" : 2998.5999999999985,
    "medianResTime" : 3790.5,
    "minResTime" : 28.0,
    "maxResTime" : 14844.0,
    "pct1ResTime" : 5756.1,
    "pct2ResTime" : 5956.05,
    "pct3ResTime" : 14377.529999999995,
    "throughput" : 8.384710234278668,
    "receivedKBytesPerSec" : 557.4882475339087,
    "sentKBytesPerSec" : 5.454589241676943
  }
}